0;0;0;0;0;0;0;https://www.wildberries.ru/catalog/67155821/detail.aspx?targetUrl=SP;Нет в наличии;0;0;0
100015281;Embrio / Седьмое небо;464;463;463;464;Наматрасник непромокаемый 80х160 по углам ПЭ;https://www.wildberries.ru/catalog/100015281/detail.aspx?targetUrl=SP;1;4,8;580;Купили более 1 600 раз
0;0;0;0;0;0;0;https://www.wildberries.ru/catalog/10002236/detail.aspx?targetUrl=SP;Нет в наличии;0;0;0
0;0;0;0;0;0;0;https://www.wildberries.ru/catalog/10002238/detail.aspx?targetUrl=SP;Нет в наличии;0;0;0
0;0;0;0;0;0;0;https://www.wildberries.ru/catalog/10002239/detail.aspx?targetUrl=SP;Нет в наличии;0;0;0
10002241;Embrio / Седьмое небо;2671;2670;2670;2671;Матрас детский 120х60 в кроватку;https://www.wildberries.ru/catalog/10002241/detail.aspx?targetUrl=SP;1;4,8;75;Купили более 600 раз
10002242;Embrio / Седьмое небо;2214;2213;2213;2214;Матрас детский 120х60 в кроватку;https://www.wildberries.ru/catalog/10002242/detail.aspx?targetUrl=SP;1;4,7;15;Купили более 100 раз
10002243;Embrio / Седьмое небо;3090;3089;3089;3090;Матрас детский 120х60 в кроватку;https://www.wildberries.ru/catalog/10002243/detail.aspx?targetUrl=SP;1;4,6;38;Купили более 300 раз
10020893;текстиль для дома;1421;609;609;1421;Наматрасник непромокаемый 160x80 80x160;https://www.wildberries.ru/catalog/10020893/detail.aspx?targetUrl=SP;1;4,8;713;Купили более 18 200 раз
10020898;текстиль для дома;1357;943;943;1357;Наматрасник 80х160, 160х80 непромокаемый борт на резинке;https://www.wildberries.ru/catalog/10020898/detail.aspx?targetUrl=SP;1;4,7;464;Купили более 11 700 раз
100470758;Embrio / Седьмое небо;886;886;886;886;Наматрасник 180х200 непромокаемый ПЭ;https://www.wildberries.ru/catalog/100470758/detail.aspx?targetUrl=SP;1;4,6;265;Купили более 100 раз
100472834;Embrio / Седьмое небо;478;478;478;478;Наматрасник непромокаемый 80х200 по углам ПЭ;https://www.wildberries.ru/catalog/100472834/detail.aspx?targetUrl=SP;1;4,4;175;Купили более 400 раз
100473636;Embrio / Седьмое небо;522;522;522;522;Наматрасник 90х200 непромокаемый ПЭ;https://www.wildberries.ru/catalog/100473636/detail.aspx?targetUrl=SP;1;4,7;349;Купили более 400 раз
101497214;Лучшее в очевидном;3139;1344;1344;3139;Наматрасник непромокаемый 80х160 см махровый;https://www.wildberries.ru/catalog/101497214/detail.aspx?targetUrl=SP;1;5,0;2;Купили более 50 раз
0;0;0;0;0;0;0;https://www.wildberries.ru/catalog/101898336/detail.aspx?targetUrl=SP;Нет в наличии;0;0;0
102276971;МонаКо;2800;700;700;2800;Наматрасники детские овальные;https://www.wildberries.ru/catalog/102276971/detail.aspx?targetUrl=SP;1;4,7;32;Купили более 200 раз
102284395;МонаКо;2730;770;770;2730;Наматрасники детские круглые;https://www.wildberries.ru/catalog/102284395/detail.aspx?targetUrl=SP;1;4,7;3;Купили более 70 раз
10234176;текстиль для дома;1400;600;600;1400;Наматрасник непромокаемый 70x160 на резинке 160x70;https://www.wildberries.ru/catalog/10234176/detail.aspx?targetUrl=SP;1;4,6;133;Купили более 3 100 раз
10234178;текстиль для дома;1401;629;629;1401;Наматрасник непромокаемый 80x190 на резинке;https://www.wildberries.ru/catalog/10234178/detail.aspx?targetUrl=SP;1;4,6;112;Купили более 2 500 раз
10234180;текстиль для дома;1357;943;943;1357;Наматрасник непромокаемый 80х190 см с непромокаемым бортом;https://www.wildberries.ru/catalog/10234180/detail.aspx?targetUrl=SP;1;4,7;153;Купили более 3 700 раз
10234183;текстиль для дома;1040;960;960;1040;Наматрасник 160х200 непромокаемый на резинке по углам;https://www.wildberries.ru/catalog/10234183/detail.aspx?targetUrl=SP;1;4,7;436;Купили более 3 700 раз
10234190;текстиль для дома;1518;782;782;1518;Наматрасник непромокаемый 90x200 на резинке;https://www.wildberries.ru/catalog/10234190/detail.aspx?targetUrl=SP;1;4,6;55;Купили более 1 000 раз
10246722;Гуторов Н.В.;407;948;948;407;Наматрасник;https://www.wildberries.ru/catalog/10246722/detail.aspx?targetUrl=SP;1;4,3;15;Купили более 200 раз
10246724;Гуторов Н.В.;439;1022;1021;440;"Наматрасник ""Мулетон-Аквастоп"" с бортом";https://www.wildberries.ru/catalog/10246724/detail.aspx?targetUrl=SP;1;4,6;27;Купили более 300 раз
0;0;0;0;0;0;0;https://www.wildberries.ru/catalog/10333403/detail.aspx?targetUrl=SP;Нет в наличии;0;0;0
0;0;0;0;0;0;0;https://www.wildberries.ru/catalog/10333404/detail.aspx?targetUrl=SP;Нет в наличии;0;0;0
0;0;0;0;0;0;0;https://www.wildberries.ru/catalog/10333405/detail.aspx?targetUrl=SP;Нет в наличии;0;0;0
0;0;0;0;0;0;0;https://www.wildberries.ru/catalog/10333406/detail.aspx?targetUrl=SP;Нет в наличии;0;0;0
0;0;0;0;0;0;0;https://www.wildberries.ru/catalog/10333407/detail.aspx?targetUrl=SP;Нет в наличии;0;0;0
0;0;0;0;0;0;0;https://www.wildberries.ru/catalog/10333408/detail.aspx?targetUrl=SP;Нет в наличии;0;0;0
0;0;0;0;0;0;0;https://www.wildberries.ru/catalog/10333409/detail.aspx?targetUrl=SP;Нет в наличии;0;0;0
0;0;0;0;0;0;0;https://www.wildberries.ru/catalog/10333410/detail.aspx?targetUrl=SP;Нет в наличии;0;0;0
0;0;0;0;0;0;0;https://www.wildberries.ru/catalog/10333411/detail.aspx?targetUrl=SP;Нет в наличии;0;0;0
0;0;0;0;0;0;0;https://www.wildberries.ru/catalog/10333412/detail.aspx?targetUrl=SP;Нет в наличии;0;0;0
0;0;0;0;0;0;0;https://www.wildberries.ru/catalog/10333413/detail.aspx?targetUrl=SP;Нет в наличии;0;0;0
0;0;0;0;0;0;0;https://www.wildberries.ru/catalog/10333414/detail.aspx?targetUrl=SP;Нет в наличии;0;0;0
0;0;0;0;0;0;0;https://www.wildberries.ru/catalog/10333415/detail.aspx?targetUrl=SP;Нет в наличии;0;0;0
0;0;0;0;0;0;0;https://www.wildberries.ru/catalog/10333416/detail.aspx?targetUrl=SP;Нет в наличии;0;0;0
0;0;0;0;0;0;0;https://www.wildberries.ru/catalog/10333417/detail.aspx?targetUrl=SP;Нет в наличии;0;0;0
0;0;0;0;0;0;0;https://www.wildberries.ru/catalog/10333418/detail.aspx?targetUrl=SP;Нет в наличии;0;0;0
0;0;0;0;0;0;0;https://www.wildberries.ru/catalog/10333419/detail.aspx?targetUrl=SP;Нет в наличии;0;0;0
0;0;0;0;0;0;0;https://www.wildberries.ru/catalog/10333420/detail.aspx?targetUrl=SP;Нет в наличии;0;0;0
0;0;0;0;0;0;0;https://www.wildberries.ru/catalog/10333421/detail.aspx?targetUrl=SP;Нет в наличии;0;0;0
0;0;0;0;0;0;0;https://www.wildberries.ru/catalog/10333422/detail.aspx?targetUrl=SP;Нет в наличии;0;0;0
0;0;0;0;0;0;0;https://www.wildberries.ru/catalog/10333423/detail.aspx?targetUrl=SP;Нет в наличии;0;0;0
0;0;0;0;0;0;0;https://www.wildberries.ru/catalog/10333424/detail.aspx?targetUrl=SP;Нет в наличии;0;0;0
0;0;0;0;0;0;0;https://www.wildberries.ru/catalog/10333425/detail.aspx?targetUrl=SP;Нет в наличии;0;0;0
0;0;0;0;0;0;0;https://www.wildberries.ru/catalog/10333426/detail.aspx?targetUrl=SP;Нет в наличии;0;0;0
0;0;0;0;0;0;0;https://www.wildberries.ru/catalog/10333427/detail.aspx?targetUrl=SP;Нет в наличии;0;0;0
0;0;0;0;0;0;0;https://www.wildberries.ru/catalog/10333428/detail.aspx?targetUrl=SP;Нет в наличии;0;0;0
0;0;0;0;0;0;0;https://www.wildberries.ru/catalog/10333429/detail.aspx?targetUrl=SP;Нет в наличии;0;0;0
0;0;0;0;0;0;0;https://www.wildberries.ru/catalog/10333430/detail.aspx?targetUrl=SP;Нет в наличии;0;0;0
0;0;0;0;0;0;0;https://www.wildberries.ru/catalog/10333431/detail.aspx?targetUrl=SP;Нет в наличии;0;0;0
0;0;0;0;0;0;0;https://www.wildberries.ru/catalog/10333432/detail.aspx?targetUrl=SP;Нет в наличии;0;0;0
0;0;0;0;0;0;0;https://www.wildberries.ru/catalog/10333433/detail.aspx?targetUrl=SP;Нет в наличии;0;0;0
0;0;0;0;0;0;0;https://www.wildberries.ru/catalog/10333434/detail.aspx?targetUrl=SP;Нет в наличии;0;0;0
0;0;0;0;0;0;0;https://www.wildberries.ru/catalog/10333435/detail.aspx?targetUrl=SP;Нет в наличии;0;0;0
0;0;0;0;0;0;0;https://www.wildberries.ru/catalog/10333436/detail.aspx?targetUrl=SP;По запросу ничего не найдено;0;0;0
0;0;0;0;0;0;0;https://www.wildberries.ru/catalog/10333437/detail.aspx?targetUrl=SP;Нет в наличии;0;0;0
0;0;0;0;0;0;0;https://www.wildberries.ru/catalog/10333438/detail.aspx?targetUrl=SP;По запросу ничего не найдено;0;0;0
0;0;0;0;0;0;0;https://www.wildberries.ru/catalog/10333439/detail.aspx?targetUrl=SP;Нет в наличии;0;0;0
0;0;0;0;0;0;0;https://www.wildberries.ru/catalog/10333440/detail.aspx?targetUrl=SP;Нет в наличии;0;0;0
0;0;0;0;0;0;0;https://www.wildberries.ru/catalog/10333441/detail.aspx?targetUrl=SP;Нет в наличии;0;0;0
0;0;0;0;0;0;0;https://www.wildberries.ru/catalog/10333442/detail.aspx?targetUrl=SP;Нет в наличии;0;0;0
0;0;0;0;0;0;0;https://www.wildberries.ru/catalog/10333443/detail.aspx?targetUrl=SP;Нет в наличии;0;0;0
0;0;0;0;0;0;0;https://www.wildberries.ru/catalog/10333444/detail.aspx?targetUrl=SP;Нет в наличии;0;0;0
0;0;0;0;0;0;0;https://www.wildberries.ru/catalog/10333445/detail.aspx?targetUrl=SP;Нет в наличии;0;0;0
0;0;0;0;0;0;0;https://www.wildberries.ru/catalog/10333446/detail.aspx?targetUrl=SP;Нет в наличии;0;0;0
0;0;0;0;0;0;0;https://www.wildberries.ru/catalog/10333447/detail.aspx?targetUrl=SP;Нет в наличии;0;0;0
0;0;0;0;0;0;0;https://www.wildberries.ru/catalog/10333448/detail.aspx?targetUrl=SP;Нет в наличии;0;0;0
0;0;0;0;0;0;0;https://www.wildberries.ru/catalog/10333449/detail.aspx?targetUrl=SP;Нет в наличии;0;0;0
0;0;0;0;0;0;0;https://www.wildberries.ru/catalog/10333450/detail.aspx?targetUrl=SP;Нет в наличии;0;0;0
0;0;0;0;0;0;0;https://www.wildberries.ru/catalog/10333451/detail.aspx?targetUrl=SP;Нет в наличии;0;0;0
0;0;0;0;0;0;0;https://www.wildberries.ru/catalog/10333452/detail.aspx?targetUrl=SP;Нет в наличии;0;0;0
0;0;0;0;0;0;0;https://www.wildberries.ru/catalog/10333453/detail.aspx?targetUrl=SP;Нет в наличии;0;0;0
0;0;0;0;0;0;0;https://www.wildberries.ru/catalog/10333454/detail.aspx?targetUrl=SP;По запросу ничего не найдено;0;0;0
0;0;0;0;0;0;0;https://www.wildberries.ru/catalog/10333455/detail.aspx?targetUrl=SP;По запросу ничего не найдено;0;0;0
0;0;0;0;0;0;0;https://www.wildberries.ru/catalog/10333456/detail.aspx?targetUrl=SP;По запросу ничего не найдено;0;0;0
0;0;0;0;0;0;0;https://www.wildberries.ru/catalog/10333457/detail.aspx?targetUrl=SP;Нет в наличии;0;0;0
0;0;0;0;0;0;0;https://www.wildberries.ru/catalog/10333458/detail.aspx?targetUrl=SP;По запросу ничего не найдено;0;0;0
0;0;0;0;0;0;0;https://www.wildberries.ru/catalog/10333459/detail.aspx?targetUrl=SP;По запросу ничего не найдено;0;0;0
0;0;0;0;0;0;0;https://www.wildberries.ru/catalog/10333460/detail.aspx?targetUrl=SP;Нет в наличии;0;0;0
0;0;0;0;0;0;0;https://www.wildberries.ru/catalog/10333461/detail.aspx?targetUrl=SP;Нет в наличии;0;0;0
0;0;0;0;0;0;0;https://www.wildberries.ru/catalog/10333462/detail.aspx?targetUrl=SP;Нет в наличии;0;0;0
0;0;0;0;0;0;0;https://www.wildberries.ru/catalog/10333463/detail.aspx?targetUrl=SP;Нет в наличии;0;0;0
0;0;0;0;0;0;0;https://www.wildberries.ru/catalog/10333464/detail.aspx?targetUrl=SP;Нет в наличии;0;0;0
0;0;0;0;0;0;0;https://www.wildberries.ru/catalog/10333465/detail.aspx?targetUrl=SP;Нет в наличии;0;0;0
0;0;0;0;0;0;0;https://www.wildberries.ru/catalog/10333466/detail.aspx?targetUrl=SP;Нет в наличии;0;0;0
0;0;0;0;0;0;0;https://www.wildberries.ru/catalog/10333467/detail.aspx?targetUrl=SP;Нет в наличии;0;0;0
0;0;0;0;0;0;0;https://www.wildberries.ru/catalog/10333468/detail.aspx?targetUrl=SP;Нет в наличии;0;0;0
103626628;С заботой о Вашем сне!;933;647;646;934;Наматрасник 80х200 непромокаемый;https://www.wildberries.ru/catalog/103626628/detail.aspx?targetUrl=SP;1;3,6;10;Купили более 80 раз
103626629;С заботой о Вашем сне!;1030;630;629;1031;Наматрасник 90х200 непромокаемый;https://www.wildberries.ru/catalog/103626629/detail.aspx?targetUrl=SP;1;4,0;4;Купили более 40 раз
10364334;С заботой о Вашем сне!;852;668;668;852;Наматрасник 120x200 непромокаемый водоотталкивающий защитный;https://www.wildberries.ru/catalog/10364334/detail.aspx?targetUrl=SP;1;4,5;58;Купили более 1 000 раз
10364335;С заботой о Вашем сне!;923;667;667;923;Наматрасник 140x200 непромокаемый водоотталкивающий защитный;https://www.wildberries.ru/catalog/10364335/detail.aspx?targetUrl=SP;1;4,3;149;Купили более 2 200 раз
10364336;С заботой о Вашем сне!;1127;783;783;1127;Наматрасник 180x200 непромокаемый водоотталкивающий защитный;https://www.wildberries.ru/catalog/10364336/detail.aspx?targetUrl=SP;1;4,6;114;Купили более 1 900 раз
103725792;Embrio / Седьмое небо;650;649;649;650;Наматрасник непромокаемый 120х60 детский на резинке по перим;https://www.wildberries.ru/catalog/103725792/detail.aspx?targetUrl=SP;1;4,9;1 252;Купили более 400 раз
0;0;0;0;0;0;0;https://www.wildberries.ru/catalog/103726090/detail.aspx?targetUrl=SP;Нет в наличии;0;0;0
103752074;Embrio / Седьмое небо;1081;1081;1081;1081;Наматрасник непромокаемый 80х160 по периметру Premium;https://www.wildberries.ru/catalog/103752074/detail.aspx?targetUrl=SP;1;4,8;580;Купили более 200 раз
0;0;0;0;0;0;0;https://www.wildberries.ru/catalog/104056934/detail.aspx?targetUrl=SP;Нет в наличии;0;0;0
104063045;Embrio / Седьмое небо;609;608;608;609;Наматрасник непромокаемый 120х60 детский на резинке по перим;https://www.wildberries.ru/catalog/104063045/detail.aspx?targetUrl=SP;1;4,9;1 252;Купили более 1 900 раз
0;0;0;0;0;0;0;https://www.wildberries.ru/catalog/10429869/detail.aspx?targetUrl=SP;По запросу ничего не найдено;0;0;0
0;0;0;0;0;0;0;https://www.wildberries.ru/catalog/10429870/detail.aspx?targetUrl=SP;Нет в наличии;0;0;0
0;0;0;0;0;0;0;https://www.wildberries.ru/catalog/10429871/detail.aspx?targetUrl=SP;Нет в наличии;0;0;0
0;0;0;0;0;0;0;https://www.wildberries.ru/catalog/10429872/detail.aspx?targetUrl=SP;Нет в наличии;0;0;0
0;0;0;0;0;0;0;https://www.wildberries.ru/catalog/104976980/detail.aspx?targetUrl=SP;Нет в наличии;0;0;0
